id,ig_id,views,swipes,clicks,posted_at,campaign_id
1,ddoxsey0,34937,31046,10602,5/20/2021,13
2,gvandevlies1,74154,573,46876,11/3/2021,15
3,erihanek2,82858,71689,41365,5/31/2021,12
4,hgoghin3,7783,3896,4553,12/9/2021,7
5,gbanke4,34893,12085,9730,5/9/2021,16
6,cstorrah5,86799,29813,51283,2/14/2021,4
7,jfilliskirk6,92297,17689,3110,9/24/2021,15
8,rkuschel7,31921,9189,27382,8/23/2021,14
9,ntinn8,2214,1732,2178,2/8/2021,20
10,tonthank9,56601,4336,52272,2/16/2021,11
11,rrimmingtona,94504,44592,17345,2/12/2021,2
12,fhelksb,26631,21404,10171,5/19/2021,16
13,cwinfredc,72339,32583,49630,2/25/2021,11
14,dkensond,67499,42722,61598,1/26/2021,13
15,speepalle,43135,34556,3320,5/6/2021,2
16,preglerf,7475,1988,656,5/9/2021,19
17,scatonnetg,18207,16904,7299,12/20/2021,4
18,cdionsettih,95544,44672,70154,5/23/2021,14
19,emusicoi,88863,78073,58165,8/1/2021,5
20,mmurcuttj,83188,10764,48156,9/28/2021,19
21,lpenniellk,35811,11167,27181,12/25/2021,14
22,swhitwhaml,13485,10209,12233,3/6/2021,11
23,ashucksmithm,61951,5543,575,10/1/2021,9
24,tferron,62042,16229,13693,4/2/2021,4
25,vsammso,90897,4595,21349,7/17/2021,6
26,khump,67055,18034,52764,10/23/2021,11
27,wjozwickiq,26376,21893,5078,10/15/2021,5
28,jcholoninr,59326,5402,9606,2/9/2021,11
29,ckullers,94812,68224,8622,10/10/2021,3
30,tdacht,83957,55104,69682,11/21/2021,9
31,gmcgennisu,21528,12632,5489,9/26/2021,7
32,ahowbrookv,40190,21542,4258,6/15/2021,12
33,tcrichtonw,70331,6493,21124,4/12/2021,15
34,kberex,70350,17302,20890,7/6/2021,8
35,csoggy,67887,60440,26690,10/11/2021,8
36,jbetonz,15757,7152,10541,12/1/2021,17
37,lwavell10,33853,18759,16691,2/28/2021,5
38,ahubbuck11,14317,1379,9661,7/11/2021,12
39,bgrover12,18870,1931,3343,5/13/2021,14
40,vbolte13,59405,55562,25097,9/22/2021,15
41,hmcharg14,73051,14031,17673,3/7/2021,4
42,gbucktharp15,1343,620,326,7/6/2021,20
43,kcristofalo16,36263,19026,25265,3/4/2021,17
44,tcressar17,45811,40376,6411,7/1/2021,8
45,mdudding18,80245,50171,56168,8/25/2021,10
46,zhallows19,6973,1699,5944,11/5/2021,8
47,lkinney1a,53462,21480,50388,10/2/2021,17
48,fmaryska1b,47741,6696,10405,2/26/2021,16
49,cbotley1c,54326,53457,20432,7/12/2021,5
50,pbrimble1d,16241,546,11525,11/21/2021,13
51,rschorah1e,60969,26915,60392,5/21/2021,12
52,sstredder1f,69196,33774,41600,4/8/2021,7
53,sreinbach1g,84605,15951,19591,2/18/2021,12
54,dert1h,72826,22542,64821,1/29/2021,20
55,mibell1i,57916,3109,56537,6/22/2021,11
56,lburnand1j,15241,7110,2529,12/17/2021,2
57,lchadwin1k,89559,16924,82500,2/22/2021,12
58,cmartello1l,88166,25288,18826,8/2/2021,12
59,adawes1m,85118,84417,67647,10/8/2021,12
60,yreade1n,92388,74623,23250,3/14/2021,1
61,jmatkin1o,30751,4794,27792,12/30/2021,6
62,lneary1p,89445,54862,68550,5/4/2021,4
63,aspratley1q,77681,53367,65773,2/3/2021,12
64,mfennessy1r,35449,29331,24007,2/27/2021,14
65,jmcquilkin1s,18606,13287,4366,12/5/2021,16
66,awinspurr1t,74402,7599,32101,4/10/2021,9
67,dfeldstern1u,22360,22317,21467,1/1/2022,7
68,imattia1v,28231,19812,5401,4/26/2021,7
69,nwaskett1w,62930,36054,46561,4/13/2021,10
70,ytomblings1x,92048,16206,31981,11/23/2021,19
71,stewkesbury1y,56255,46170,6629,6/16/2021,9
72,sstruis1z,6994,3591,1441,9/24/2021,8
73,fbunton20,43471,17684,31235,6/5/2021,9
74,hgeffen21,82649,34326,17883,4/24/2021,2
75,chaulkham22,57313,13165,9459,1/10/2021,9
76,abelding23,40574,34508,19046,3/28/2021,10
77,kasel24,67391,17141,15740,6/30/2021,10
78,sdiego25,63084,44875,50190,3/9/2021,6
79,mwindmill26,24907,6658,834,7/21/2021,4
80,sbeadon27,61519,15191,24601,6/25/2021,4
81,pblaney28,58455,40796,2388,6/24/2021,13
82,gtissiman29,95499,5856,41640,12/7/2021,2
83,oshoosmith2a,68164,65627,38798,5/23/2021,17
84,elunam2b,79438,8802,46550,11/19/2021,5
85,dmenichi2c,10632,8488,2092,1/12/2021,15
86,swigfield2d,82381,22004,18758,1/19/2021,12
87,vduffer2e,4511,655,687,4/21/2021,19
88,criste2f,62181,53024,45591,11/23/2021,14
89,cosharry2g,88909,65508,49270,12/20/2021,1
90,bdowears2h,25581,635,3679,10/7/2021,10
91,aturk2i,42881,35975,18144,11/20/2021,12
92,nbrownsall2j,32143,15947,2114,5/11/2021,6
93,lgall2k,7322,3547,1466,9/1/2021,16
94,gsinott2l,90789,29068,70744,11/28/2021,1
95,acaddan2m,14120,1382,12619,11/5/2021,13
96,bwellwood2n,26458,22811,5555,7/21/2021,7
97,eayre2o,39851,30406,9021,8/4/2021,13
98,iscouse2p,27567,25006,8606,1/8/2021,16
99,mpoulglais2q,73464,59979,8900,3/11/2021,6
100,eblackhall2r,41860,39223,22333,5/15/2021,3
101,jgiacobazzi2s,17673,7000,9105,12/6/2021,4
102,fprator2t,6448,2016,557,10/3/2021,1
103,mpardon2u,91683,20987,75039,7/17/2021,3
104,cneller2v,54163,53298,13067,5/31/2021,18
105,cklos2w,52249,44859,8553,11/9/2021,7
106,rsirett2x,3527,2435,2930,4/10/2021,12
107,mmole2y,16555,441,4354,7/27/2021,17
108,sramos2z,93689,14050,77486,10/30/2021,8
109,ldewdney30,99954,76435,60218,4/4/2021,1
110,lebbers31,38342,14407,16661,7/10/2021,20
111,fjennick32,63347,59412,2839,5/28/2021,6
112,ebeeckx33,93160,7724,53615,3/30/2021,15
113,atessyman34,68794,27377,38986,5/11/2021,12
114,aholyland35,63505,44989,55684,11/5/2021,1
115,dfirbanks36,73482,70673,47507,4/6/2021,20
116,nkelcher37,3620,55,1689,12/2/2021,13
117,mbunstone38,92430,80592,75065,1/3/2022,1
118,lcrossby39,3891,2957,536,8/20/2021,7
119,fbeane3a,1220,695,524,12/1/2021,1
120,ajezzard3b,41658,27948,23477,1/31/2021,15
121,jdubbin3c,80419,33763,24508,6/8/2021,14
122,pgreenard3d,59222,18205,30985,5/17/2021,18
123,grefford3e,24951,11997,6986,4/5/2021,6
124,franklin3f,42488,35017,8124,1/13/2021,11
125,tboothroyd3g,91727,88493,7347,3/11/2021,16
126,afarey3h,50719,28837,46450,1/7/2021,17
127,wdredge3i,71999,48776,47122,3/25/2021,18
128,lbausor3j,82894,31977,35356,3/28/2021,19
129,jvanvelde3k,59907,54237,1697,10/11/2021,20
130,hpelos3l,97954,24604,87891,10/14/2021,6
131,kswinerd3m,337,325,0,5/25/2021,9
132,cchapellow3n,41892,18986,15340,3/29/2021,15
133,bkinch3o,44117,8555,327,7/4/2021,10
134,krichardeau3p,14428,9885,5105,12/23/2021,17
135,jboscher3q,45106,16332,552,11/9/2021,9
136,bbille3r,64982,48584,19720,1/10/2021,2
137,imasi3s,89914,31180,28874,2/1/2021,1
138,hbyars3t,76834,12666,28515,7/25/2021,18
139,jgoodered3u,25755,8040,15243,8/13/2021,17
140,nkarolowski3v,78367,34171,64874,9/13/2021,16
141,fbohler3w,33382,10434,1027,7/28/2021,20
142,aspringford3x,49379,27264,23234,1/20/2021,13
143,gfolkes3y,72268,51598,71321,6/25/2021,3
144,llairdcraig3z,14743,9642,9919,4/2/2021,14
145,jzanotti40,48547,8507,40411,12/3/2021,7
146,bsolway41,91107,89190,62738,8/31/2021,15
147,vbenard42,84969,19340,22577,3/12/2021,11
148,tsandwich43,95805,11049,49169,4/4/2021,11
149,tmerrill44,97145,66068,83600,4/14/2021,9
150,abarnardo45,36720,20618,14472,11/28/2021,16
151,ksallings46,51194,32658,27365,1/17/2021,12
152,kchater47,56258,9254,42147,10/8/2021,19
153,cshrawley48,616,42,409,5/28/2021,14
154,nharriskine49,93887,34296,51958,1/19/2021,18
155,acarren4a,2189,823,1861,3/11/2021,4
156,afaulkes4b,8209,1315,8111,4/23/2021,10
157,ihannay4c,97608,69287,33283,4/25/2021,4
158,tyearby4d,37465,14682,8222,3/11/2021,19
159,nlacy4e,6554,5127,3638,4/10/2021,11
160,tdalgardno4f,71821,8538,29755,10/18/2021,9
161,rcanto4g,89962,13940,57533,6/20/2021,2
162,rbolus4h,87629,48148,27466,5/3/2021,18
163,fmatthesius4i,60138,52959,58661,9/3/2021,18
164,pcalder4j,81946,25911,30468,12/26/2021,10
165,lfrid4k,4769,3257,4704,8/4/2021,9
166,jlaugheran4l,8256,651,1121,5/18/2021,10
167,sizzatt4m,99306,45612,18083,3/11/2021,10
168,fhuggett4n,21302,19153,11725,5/3/2021,18
169,kmatley4o,51651,39473,32483,8/27/2021,19
170,rsyphas4p,58091,44742,42040,10/2/2021,15
171,ljozefiak4q,12173,4542,905,5/11/2021,5
172,npogue4r,76689,55803,74792,5/20/2021,6
173,ycupitt4s,1618,1568,686,3/24/2021,2
174,smullane4t,88803,53710,49541,8/1/2021,1
175,cfarrans4u,10048,2738,4236,2/20/2021,1
176,ohowse4v,7228,2443,2204,12/24/2021,19
177,bgrieves4w,59511,18112,37109,1/5/2022,15
178,ipomroy4x,70088,691,37601,4/9/2021,19
179,lthewys4y,61251,14470,4224,11/12/2021,19
180,kraith4z,92892,70481,59164,1/9/2021,4
181,kjeyness50,62175,51903,24589,10/9/2021,17
182,hblumire51,60701,43590,34537,5/2/2021,15
183,gstoffers52,47055,34957,37839,11/3/2021,6
184,dwinfrey53,1747,1086,1195,7/30/2021,10
185,nwellsman54,12111,8177,5538,9/27/2021,6
186,efrizzell55,92563,52830,2572,6/2/2021,18
187,bsayes56,6417,1480,1164,10/4/2021,20
188,jnoakes57,25812,18180,11692,9/11/2021,18
189,cilyasov58,29035,17539,27435,11/25/2021,18
190,fhassent59,93522,79650,12906,5/15/2021,18
191,rnore5a,58744,23176,20175,8/12/2021,9
192,ncoley5b,79259,76870,49448,2/6/2021,9
193,glongea5c,56005,15384,54873,10/5/2021,17
194,oraynor5d,13176,6088,12763,9/29/2021,15
195,pdixcee5e,64850,39655,61875,12/27/2021,16
196,jnutter5f,24008,16711,16133,1/3/2022,18
197,hjoynson5g,91816,36768,27346,3/21/2021,16
198,thuyghe5h,76323,30310,1716,11/30/2021,10
199,hlesaunier5i,25543,9012,2080,2/28/2021,1
200,hhallums5j,35565,3804,23955,10/7/2021,20
201,rjindacek5k,3516,2526,96,5/25/2021,1
202,hpavkovic5l,9741,4883,2675,11/26/2021,16
203,tsanbrooke5m,91063,51942,74536,3/19/2021,17
204,fbarti5n,53833,45112,8297,12/23/2021,2
205,nellor5o,8131,1507,5419,1/30/2021,10
206,bmcturk5p,64736,58603,36950,5/5/2021,9
207,slanger5q,81199,8909,61737,11/25/2021,9
208,tusmar5r,75175,19956,21590,1/15/2021,18
209,bjanew5s,3619,2110,272,10/1/2021,12
210,cseton5t,11073,1295,6610,4/17/2021,9
211,crigglesford5u,80969,27125,20733,2/21/2021,20
212,hgibbon5v,47999,12546,15349,11/24/2021,11
213,swauchope5w,57449,35921,52129,5/8/2021,8
214,mreuven5x,72017,14185,50877,4/5/2021,11
215,jjales5y,88710,3970,56734,12/28/2021,18
216,bbellay5z,4480,1502,1252,8/31/2021,18
217,cplaxton60,61445,18695,14671,1/5/2022,18
218,abirrel61,75360,64726,18635,5/17/2021,12
219,fbraney62,50702,47319,21719,2/28/2021,7
220,smunnis63,88060,74861,63210,8/3/2021,20
221,lgodsell64,87041,73985,42319,7/16/2021,20
222,kshearme65,6497,946,3199,3/24/2021,16
223,psturley66,92184,49728,71640,6/21/2021,16
224,wmugglestone67,4462,389,4361,3/7/2021,12
225,glorkings68,84297,36849,36822,7/6/2021,20
226,ojorger69,32744,16489,20666,12/15/2021,4
227,nbussey6a,56354,47109,42209,5/24/2021,1
228,hmossop6b,98410,57389,71645,7/7/2021,14
229,getches6c,81442,39357,61989,3/22/2021,16
230,ghunnam6d,32424,30455,13776,4/10/2021,3
231,plinnitt6e,16751,12083,16121,10/21/2021,4
232,bpaslow6f,64387,20873,38173,11/8/2021,19
233,cdelouch6g,96836,43171,71488,2/24/2021,6
234,kwhodcoat6h,19309,16859,13566,10/16/2021,2
235,rarminger6i,37061,1465,27761,12/16/2021,8
236,fagott6j,9368,1380,8168,11/25/2021,13
237,psimmens6k,89364,73890,59947,5/9/2021,9
238,nmundell6l,16753,1798,3112,6/30/2021,20
239,kwhistan6m,35291,21634,26461,1/29/2021,5
240,jsaward6n,69399,38946,45755,1/3/2022,4
241,avamplus6o,34123,17770,15007,4/1/2021,5
242,ccockram6p,26089,16185,4101,3/9/2021,9
243,msandon6q,85898,48759,42590,8/8/2021,14
244,kedison6r,66593,65366,29391,1/26/2021,15
245,asex6s,4086,878,385,6/29/2021,7
246,mhendricks6t,61269,57967,59293,1/1/2022,16
247,garkley6u,79102,66958,62280,11/12/2021,17
248,twolsey6v,46350,3842,23668,3/1/2021,13
249,rmcvey6w,39623,8360,25471,3/17/2021,4
250,ihaggas6x,96769,12838,60438,3/3/2021,2
251,elerway6y,95622,23669,49257,8/6/2021,12
252,mlau6z,51261,42844,7980,6/21/2021,6
253,fdeathridge70,99337,30653,3066,3/18/2021,6
254,aciciari71,68100,9971,13520,6/3/2021,2
255,ogilliatt72,82065,28819,35333,8/31/2021,16
256,aclaybourn73,89981,73748,68284,10/8/2021,12
257,cstebbin74,47343,1795,16566,6/8/2021,9
258,lshercliff75,34798,2542,30686,1/29/2021,18
259,sfoltin76,22471,20159,16484,4/20/2021,10
260,jshortin77,21975,16403,4606,9/10/2021,9
261,wleuty78,98569,85400,93716,12/26/2021,10
262,gpietri79,59506,31507,32824,6/8/2021,14
263,gstarmont7a,97483,14873,69705,1/30/2021,4
264,vpostgate7b,13011,12516,9414,7/21/2021,13
265,fstradling7c,84110,53034,45554,7/21/2021,17
266,ycolquete7d,51540,26591,44767,5/13/2021,15
267,sstert7e,69966,33291,6417,7/2/2021,11
268,ekocher7f,43298,18147,30896,4/16/2021,16
269,lbutton7g,8308,6406,2673,5/29/2021,16
270,csavoury7h,35064,7077,6249,4/3/2021,17
271,mdublin7i,33157,28147,32716,12/7/2021,6
272,fdanko7j,95909,91825,23645,12/1/2021,10
273,nbehnen7k,3839,3261,3221,1/5/2022,2
274,rstoade7l,40337,18211,37684,1/10/2021,17
275,wbillson7m,5709,4460,2312,8/29/2021,10
276,rwaller7n,93625,43799,33975,3/29/2021,16
277,agronaller7o,60162,55971,15738,10/11/2021,6
278,mvyel7p,30699,19414,7702,5/19/2021,8
279,cmaddrah7q,82563,54942,28830,2/17/2021,2
280,vmaginn7r,44211,14358,36753,3/19/2021,5
281,bbattye7s,64597,7037,60155,10/31/2021,2
282,alind7t,93815,80471,89988,8/28/2021,18
283,wrenbold7u,94147,27015,9487,6/4/2021,11
284,awillox7v,5468,1051,2399,10/23/2021,3
285,handerson7w,18299,6141,4,3/10/2021,18
286,hkneller7x,89247,13135,45233,12/2/2021,1
287,aadamovsky7y,45827,1963,14649,3/5/2021,18
288,tbarstow7z,36483,14101,27509,11/17/2021,3
289,sprescote80,51686,29549,51264,3/2/2021,5
290,cflatman81,22704,16140,18977,6/15/2021,4
291,eduff82,48385,26178,6054,8/23/2021,6
292,hbevington83,30820,7745,13389,5/22/2021,18
293,ocowup84,84265,45470,24560,8/15/2021,3
294,pgerding85,88889,41289,19811,3/8/2021,6
295,sscatchar86,7842,539,2852,3/10/2021,9
296,djanacek87,96067,54340,3689,12/9/2021,4
297,wcopcott88,77630,35081,9315,5/10/2021,8
298,eblondin89,38950,3464,18860,5/2/2021,14
299,dmougel8a,88596,29866,30108,1/23/2021,20
300,thatzar8b,50171,26823,15782,2/19/2021,11
301,rwilloughby8c,57572,43821,50475,12/14/2021,12
302,cshillington8d,3928,1425,1362,5/21/2021,18
303,ijobey8e,68941,61574,10250,7/15/2021,18
304,abotright8f,78410,21934,78263,8/28/2021,17
305,wtestro8g,80979,32909,42918,4/24/2021,1
306,rbenois8h,94471,86811,71948,7/8/2021,9
307,mingle8i,54677,7769,16581,11/1/2021,6
308,jkeese8j,86877,2671,395,11/17/2021,9
309,dsoutherell8k,13626,2052,5342,2/15/2021,9
310,mgrunnell8l,83230,11692,25018,1/3/2022,20
311,cfissenden8m,21579,18349,8577,12/31/2021,16
312,reggers8n,30113,18073,22978,10/5/2021,14
313,galdin8o,78801,66891,49196,7/7/2021,3
314,ltimms8p,41501,22229,23396,3/10/2021,19
315,gjarrard8q,12544,4420,2133,11/13/2021,14
316,aarzu8r,86006,21167,72536,5/29/2021,13
317,rhousecroft8s,17107,1236,8609,4/21/2021,9
318,rcrudgington8t,77513,76455,43583,3/8/2021,17
319,awiles8u,99466,61233,57810,5/20/2021,12
320,evasechkin8v,29065,7310,5466,4/15/2021,16
321,lmiddiff8w,76059,63362,19495,1/31/2021,4
322,lhutton8x,48478,30944,4282,4/13/2021,14
323,ayurinov8y,90660,62733,57945,8/24/2021,9
324,charbour8z,8371,3443,1087,2/12/2021,19
325,bgregorio90,30280,12076,3845,11/7/2021,4
326,tpopov91,14171,6942,13930,11/3/2021,16
327,nprattington92,61365,53196,12923,7/22/2021,1
328,gladyman93,71993,60844,50752,9/16/2021,18
329,lchurchouse94,39952,11699,11489,2/28/2021,17
330,dbiles95,17964,6844,11108,3/5/2021,11
331,cdingle96,15192,9274,5788,11/8/2021,3
332,gtrillow97,48760,20296,13515,2/8/2021,1
333,cwarry98,25687,24988,24838,11/18/2021,7
334,rmcelory99,98627,30557,47403,9/28/2021,7
335,mbrissard9a,96720,71687,33902,9/18/2021,7
336,lsansam9b,78137,29228,12440,1/29/2021,6
337,nwimmer9c,41602,15632,40371,4/18/2021,19
338,wfotitt9d,50737,38504,40941,8/2/2021,5
339,iseegar9e,90632,13942,45391,2/6/2021,6
340,btrewinnard9f,16125,2704,7115,7/12/2021,8
341,tsommersett9g,33409,3864,1151,6/1/2021,6
342,lzorer9h,78945,49797,53562,1/8/2021,10
343,gfilinkov9i,71964,51064,46122,7/12/2021,15
344,hmccrann9j,26203,12792,4627,12/16/2021,5
345,rstaresmeare9k,45090,1240,12056,12/4/2021,15
346,odillaway9l,30938,20441,14516,10/10/2021,12
347,tzanetto9m,66223,57466,21097,8/8/2021,12
348,esearle9n,22989,1847,20059,12/15/2021,2
349,fhayter9o,16939,13891,7251,9/6/2021,8
350,gbosse9p,86035,81687,34675,8/10/2021,17
351,boglevie9q,94630,57515,24241,1/27/2021,8
352,agoundsy9r,97566,62585,63046,6/22/2021,20
353,mpressnell9s,97009,48988,63329,6/11/2021,18
354,rcordeux9t,72064,5985,48884,6/2/2021,20
355,tbroune9u,74030,59983,59317,5/15/2021,18
356,eharmer9v,72507,19696,42703,12/9/2021,20
357,jmossman9w,16478,1691,1621,5/18/2021,2
358,kbonas9x,36902,9897,5090,1/9/2021,12
359,dbestwall9y,37291,9088,2295,10/24/2021,3
360,ogirault9z,88631,64933,62541,1/27/2021,6
361,scinellia0,79617,37510,72854,9/30/2021,8
362,gscotchmera1,40980,26526,13300,5/24/2021,19
363,cfoota2,98610,72539,63779,10/6/2021,4
364,rcastagnassoa3,33814,29845,14501,2/14/2021,2
365,gcayleya4,33150,201,5439,2/9/2021,1
366,btibbitsa5,29198,9631,22132,9/4/2021,1
367,ebrennenstuhla6,39306,23887,28568,5/21/2021,20
368,cpittawaya7,76652,4733,6084,8/1/2021,10
369,kyoutheada8,70499,57592,27441,10/7/2021,6
370,gyeliasheva9,92502,15163,40953,3/16/2021,3
371,lmchenryaa,53221,22653,6434,1/25/2021,9
372,bivoshinab,50321,26661,45896,9/9/2021,6
373,fdeaconsonac,18330,2078,3509,5/14/2021,18
374,fgodmerad,44144,35747,38124,7/18/2021,10
375,ctolcharae,58889,32054,47855,2/7/2021,1
376,wpiaggiaaf,63936,17356,14431,7/29/2021,19
377,cweatherbyag,35810,1491,5076,7/23/2021,7
378,rhourihaneah,91611,59381,90172,7/2/2021,11
379,milyinai,17675,7009,12774,10/15/2021,8
380,dbendixenaj,88641,51717,18011,12/24/2021,16
381,jcleyburnak,98934,87221,69292,2/2/2021,4
382,nfosserdal,49989,39293,46762,6/22/2021,19
383,rduguidam,10933,1508,2757,1/11/2021,19
384,hmoulsdallan,54035,50198,935,5/19/2021,19
385,fcaltonao,78219,50124,72462,1/10/2021,20
386,csiviourap,88886,74778,85626,4/9/2021,18
387,sleadaq,30902,24721,20484,6/12/2021,14
388,ebaigentar,54929,26016,52172,1/17/2021,16
389,icampionas,95419,83676,95376,2/12/2021,6
390,cglentworthat,8578,2551,7398,1/8/2021,7
391,bduesterau,84502,43581,44037,12/18/2021,6
392,mpygottav,53553,48028,14778,8/27/2021,9
393,btumultyaw,53313,2672,47015,10/5/2021,5
394,mshevelsax,99656,65289,17206,3/13/2021,14
395,kjanceyay,74452,34471,51553,9/26/2021,11
396,velcumaz,50891,24630,37946,12/20/2021,17
397,tandrettib0,49289,11702,21988,9/15/2021,20
398,averbeekb1,33818,10948,16960,9/23/2021,14
399,kkohenb2,4697,479,4490,7/1/2021,13
400,dduquesnayb3,36218,8583,23982,2/4/2021,6
401,tdabrowskib4,46294,39055,39486,2/12/2021,10
402,dmacronaldb5,90693,4122,52982,12/13/2021,18
403,aaizikb6,73245,20588,69345,8/1/2021,15
404,kgilpinb7,89195,46162,75459,11/13/2021,10
405,ksymcoxb8,1329,703,705,4/3/2021,9
406,fskyppeb9,1769,71,1279,4/28/2021,12
407,tendrighiba,34369,9783,5013,10/18/2021,2
408,lwestellbb,50313,2585,32247,12/26/2021,12
409,zmaccostyebc,51384,33213,48355,10/31/2021,17
410,hrunacresbd,11827,10491,5444,3/7/2021,6
411,htolfreybe,38470,12716,8675,7/14/2021,5
412,trilstonbf,79093,76203,942,12/12/2021,13
413,opoatbg,44602,36107,8675,9/8/2021,4
414,swarlawebh,13937,11124,1201,10/23/2021,8
415,csollowayebi,41179,33573,24125,1/23/2021,2
416,mdumberrillbj,8026,4179,3006,6/14/2021,2
417,nshurybk,45544,10084,9814,5/10/2021,12
418,bvinebl,79040,56565,74678,11/11/2021,9
419,gcomminsbm,48758,14599,17006,8/8/2021,3
420,dhamiltonbn,43994,206,29695,8/18/2021,11
421,tfriarybo,93253,59721,90861,1/20/2021,12
422,asenechaultbp,80765,35632,17348,7/23/2021,16
423,gmahometbq,26021,21344,2302,6/26/2021,4
424,thablotbr,16541,8378,618,1/26/2021,1
425,tcaesarbs,33663,25699,32621,9/4/2021,16
426,ddequesnebt,79168,25322,37260,8/22/2021,20
427,cashfoldbu,28558,23938,19968,2/21/2021,20
428,edurranbv,4113,802,92,1/26/2021,6
429,cpovelebw,71654,27354,55891,8/25/2021,16
430,obarocbx,19530,8250,13225,1/30/2021,4
431,amcnellyby,29610,5725,27212,8/21/2021,19
432,jwonesbz,24768,10878,19171,3/4/2021,2
433,gkoppesc0,51479,18856,12643,12/6/2021,7
434,cdinesc1,72553,52988,41098,4/19/2021,2
435,bgearyc2,96838,28289,31421,11/30/2021,7
436,mmccutheonc3,53187,38111,21921,1/29/2021,1
437,fdogetc4,74303,11315,25822,3/14/2021,3
438,bjeromsonc5,61959,35063,33974,2/17/2021,19
439,oyashaevc6,41727,5873,31945,8/6/2021,10
440,lwaringc7,34753,32651,25663,6/28/2021,18
441,rhaughc8,30812,7692,26040,3/26/2021,14
442,fprimettc9,95146,65845,60173,1/4/2022,5
443,tocorriganeca,25432,5605,1489,9/22/2021,12
444,gcamachocb,26609,5743,18619,8/9/2021,2
445,hrosonicc,71466,57730,43383,6/9/2021,18
446,pvondryscd,52350,6452,26564,8/28/2021,16
447,dclutterhamce,55005,8830,28406,11/14/2021,4
448,jstandagecf,39354,19217,26328,5/3/2021,18
449,bsedgemondcg,92342,49689,78427,8/1/2021,4
450,aupwardch,68048,63400,51415,10/2/2021,5
451,mlatekci,79148,60929,48741,12/12/2021,2
452,aparvincj,91547,8701,70011,10/24/2021,5
453,msaterthwaitck,73926,24076,8176,5/8/2021,15
454,awyldborecl,90973,81261,41446,12/6/2021,14
455,ljacquescm,37702,6118,5973,3/15/2021,6
456,hsaphcn,96150,57639,14930,4/11/2021,2
457,iwaterlandco,98882,25915,49411,6/18/2021,14
458,akennoncp,74046,13976,38587,12/8/2021,1
459,aquestcq,43466,6295,39027,10/15/2021,3
460,mgoodaylecr,97450,1489,73969,3/16/2021,8
461,cputtnamcs,57842,44520,53724,2/6/2021,5
462,bhearstct,23933,11853,17284,12/18/2021,7
463,dstrodecu,24354,17620,24228,7/4/2021,17
464,dallbrookcv,99132,16220,92350,1/7/2021,15
465,tpinckcw,31943,20599,18198,9/23/2021,16
466,ssudddardcx,63325,9834,24269,1/8/2021,3
467,abravecy,61501,40185,32687,6/7/2021,11
468,aerskinecz,91879,11284,55284,4/16/2021,8
469,orenacd0,6635,3823,2355,6/1/2021,18
470,skirkd1,70722,8588,27892,9/1/2021,5
471,mmarnerd2,51603,40265,19458,7/15/2021,11
472,ctayed3,61369,6864,49522,8/27/2021,13
473,dkestled4,26312,11983,19209,5/17/2021,11
474,ascattergoodd5,43721,5153,22005,8/16/2021,17
475,feadd6,63579,25940,17981,6/3/2021,17
476,cfisherd7,1051,175,164,9/26/2021,18
477,ntindled8,31179,8832,240,6/23/2021,8
478,etrippettd9,29726,10942,26898,11/2/2021,11
479,gvansonda,83042,59206,40952,6/16/2021,9
480,abahlmanndb,88688,50803,11585,4/9/2021,9
481,nerreydc,9388,2503,8962,1/29/2021,9
482,tambroisedd,43898,21170,27531,8/15/2021,15
483,ncrosbyde,24285,5921,4602,7/13/2021,1
484,fboornedf,29178,24110,13809,2/12/2021,18
485,tpinsentdg,11912,8365,11679,11/24/2021,5
486,nstanettdh,64738,33278,21828,4/27/2021,2
487,rpaudindi,91712,73358,87103,2/1/2021,10
488,awhitbreaddj,68424,46949,23370,9/17/2021,4
489,gevequotdk,77364,19731,45096,6/2/2021,14
490,nvinsendl,13739,1179,6089,1/16/2021,5
491,mjammetdm,59628,41989,31285,8/13/2021,18
492,bmullochdn,4631,2415,1284,3/9/2021,16
493,jwadwelldo,78440,59410,29753,7/11/2021,3
494,mboncoredp,34752,22793,33433,11/2/2021,9
495,emucklestonedq,1570,5,636,10/10/2021,15
496,glehrdr,46676,20214,6170,8/29/2021,16
497,dcullinands,81913,67022,1384,10/17/2021,13
498,cnoddledt,67054,25691,32079,9/24/2021,17
499,pwhitehornedu,38825,7202,9889,9/3/2021,18
500,kglencorsedv,16688,13323,6538,8/29/2021,5
501,arowlingsdw,41344,41106,6141,5/30/2021,3
502,ktulleydx,42964,39141,20832,9/23/2021,15
503,jderrelldy,22022,18213,8715,10/23/2021,2
504,bcalderodz,69105,64219,52334,8/1/2021,11
505,ggruszeckie0,79475,45101,69502,8/20/2021,15
506,ptimbrelle1,7453,6374,6704,8/29/2021,15
507,kbuckstone2,45709,4051,27786,7/27/2021,12
508,ditscovitze3,44755,36810,15600,10/24/2021,17
509,bhawsone4,83083,48906,64365,3/23/2021,10
510,isoutherne5,77554,40336,42445,12/21/2021,6
511,apulvere6,6688,1698,2759,11/25/2021,3
512,khamsleye7,30220,6040,1756,1/12/2021,14
513,fdewie8,87078,44405,17160,1/1/2022,17
514,smarene9,2316,438,400,5/19/2021,8
515,smertinea,97877,22324,29350,2/27/2021,6
516,dricheeb,59877,27015,56027,10/16/2021,9
517,mstriplingec,11087,3757,3437,1/25/2021,12
518,vhained,97660,58620,70722,10/9/2021,20
519,bkordingee,29121,27704,11587,3/27/2021,18
520,hghilksef,56108,28732,32635,6/16/2021,19
521,jedoweseg,9685,2836,430,1/3/2022,12
522,hdochoneh,11049,6939,5867,11/20/2021,17
523,rchadbandei,99969,96984,38322,5/29/2021,16
524,nnoodsej,28218,23158,1486,5/14/2021,6
525,jleminek,83296,33163,40391,4/5/2021,16
526,dpenningsel,58708,13456,23055,8/28/2021,13
527,jbanfordem,14384,6247,2736,4/17/2021,3
528,mpeskinen,36250,35442,18808,2/11/2021,8
529,ldevaeneo,58766,44594,2125,12/28/2021,12
530,dponnsettep,27229,24339,21834,3/13/2021,9
531,adoghartieeq,93678,69617,72996,9/5/2021,4
532,mkunzer,98259,42433,15211,6/8/2021,1
533,mtunnicliffes,8986,2161,5218,6/21/2021,14
534,gkenewelet,94571,79721,2055,2/28/2021,5
535,rregglareu,33452,30761,8607,9/11/2021,11
536,lbotterellev,80048,22515,63087,4/9/2021,4
537,clekeuxew,50710,4767,24350,5/4/2021,8
538,hbalmex,1957,1657,1400,3/19/2021,17
539,lnolletey,9618,27,2402,9/14/2021,14
540,bionescoez,42017,5151,38322,3/19/2021,8
541,bhellikesf0,26059,20260,1773,4/14/2021,8
542,ntomikf1,91673,57425,4639,8/25/2021,5
543,dfoysterf2,57014,53892,31840,7/28/2021,9
544,mdoudneyf3,39072,5775,17240,6/11/2021,12
545,hlefrancf4,56193,40285,50096,1/23/2021,1
546,valecockf5,490,460,0,10/23/2021,13
547,borrof6,12602,1034,3296,12/22/2021,6
548,dneissenf7,78877,10841,8458,10/15/2021,1
549,hbennallckf8,29127,7831,27626,5/3/2021,18
550,emaesf9,31569,2412,5780,3/22/2021,12
551,ckerswillfa,40753,25620,30436,11/22/2021,2
552,enattfb,29366,9394,17339,8/26/2021,5
553,malmakfc,67466,62205,57176,1/1/2022,13
554,dkellochfd,29973,18334,13446,9/11/2021,6
555,iwoodingtonfe,22964,12622,21867,7/9/2021,17
556,mbennallckff,67062,10752,5706,2/16/2021,4
557,csealfg,95727,93736,74648,3/19/2021,19
558,eheishamfh,23368,4555,4325,1/10/2021,11
559,echanterfi,22063,6040,9685,8/26/2021,20
560,lricardofj,33354,1840,5802,8/7/2021,9
561,lcreasefk,18426,16829,12221,3/27/2021,8
562,hrichfieldfl,58199,11300,27613,7/4/2021,14
563,jmacgarveyfm,61131,49070,57602,9/8/2021,15
564,awarryfn,29899,13507,8205,4/1/2021,2
565,agiamellifo,85647,27372,53490,4/23/2021,9
566,ddustingfp,51911,10382,21957,3/10/2021,8
567,cporkissfq,41802,14522,21347,6/4/2021,13
568,ywarrierfr,35423,23175,8853,6/7/2021,16
569,gloghanfs,74279,15652,6487,5/18/2021,8
570,shagueft,11940,831,180,12/2/2021,7
571,csondlandfu,13778,8573,1013,10/14/2021,11
572,tyarnoldfv,35315,8311,11070,12/25/2021,9
573,swildashfw,4380,4355,1233,7/6/2021,11
574,scrushfx,74272,34528,20323,6/14/2021,6
575,kmcmanamenfy,56017,50643,35928,8/26/2021,17
576,sjickellsfz,6225,4390,3854,4/17/2021,7
577,oguyeg0,639,291,58,3/11/2021,2
578,mbeging1,29913,987,6286,4/18/2021,17
579,mbennerg2,50688,44839,42287,1/7/2021,19
580,msimkag3,26360,11445,2752,4/22/2021,18
581,mailmerg4,81002,39381,26870,1/9/2021,1
582,afantinig5,15465,5058,4490,2/24/2021,18
583,ztheodorisg6,31338,16221,26812,8/4/2021,9
584,alinacreg7,62275,27664,39150,12/24/2021,13
585,tmacroryg8,16445,8531,4731,8/31/2021,18
586,upittendreighg9,74830,36242,4586,8/12/2021,19
587,cfibbittsga,68433,61761,57258,9/4/2021,19
588,gmunninggb,62287,46852,33281,7/20/2021,4
589,pkersawgc,25764,12154,9946,8/29/2021,7
590,pcoppogd,30838,16785,11721,7/12/2021,8
591,ttejeroge,99391,48691,64526,3/25/2021,2
592,gmckilroegf,61463,9492,17749,9/23/2021,12
593,ssquibbsgg,9951,1346,8135,7/13/2021,8
594,lrichensgh,52941,26438,9729,2/12/2021,2
595,afedorchenkogi,83465,1050,72166,4/4/2021,5
596,gackensongj,63427,15784,37324,3/22/2021,15
597,bkiddergk,93416,59942,77858,4/6/2021,5
598,dmackowlegl,45219,30556,38240,6/5/2021,20
599,mcrollgm,51007,10009,37032,8/3/2021,18
600,vpitfordgn,57087,35025,15879,9/12/2021,13
601,enelmgo,68033,14918,47147,12/30/2021,16
602,gbradtkegp,82019,27385,72465,2/6/2021,18
603,rswinyardgq,25047,1729,21234,10/12/2021,17
604,cemptagegr,84700,36005,25894,12/8/2021,2
605,abrowellgs,73350,2291,34176,2/22/2021,7
606,cfishbournegt,92790,11108,36805,5/31/2021,18
607,gbissattgu,17310,547,8605,7/6/2021,11
608,vlystongv,88032,51639,29152,11/18/2021,19
609,cshotboultegw,25778,11687,16389,9/17/2021,16
610,etorregx,79094,9296,36690,10/16/2021,3
611,mfredygy,53216,9393,10474,10/28/2021,10
612,kbalazingz,32333,5463,4470,5/16/2021,3
613,mcharonh0,34844,28873,6753,9/8/2021,14
614,gmotteh1,51766,21988,6337,12/26/2021,4
615,vojedah2,27793,26689,4862,5/26/2021,19
616,bcorpeh3,67629,1148,66153,10/16/2021,3
617,slansdownh4,84011,69581,45386,1/19/2021,8
618,nmearnsh5,29420,7812,29143,12/28/2021,19
619,sfranschinih6,60828,17765,58292,3/12/2021,2
620,hgregolettih7,50849,39056,706,8/22/2021,12
621,cbashfordh8,15094,8161,7312,11/18/2021,2
622,hmccaughranh9,25993,11982,10712,7/16/2021,13
623,jingletonha,50513,35499,50244,9/15/2021,9
624,vshoebottomhb,69569,17773,58959,5/6/2021,15
625,araintonhc,77061,51655,65274,10/31/2021,17
626,qodellhd,71189,688,22689,11/21/2021,6
627,gduligalhe,12672,543,4104,7/30/2021,4
628,mpalliserhf,7869,3088,2791,10/25/2021,15
629,bosheahg,69899,46604,16931,5/14/2021,3
630,bhrinchenkohh,39947,39377,35448,10/19/2021,17
631,hjanichi,3727,2143,2174,1/29/2021,16
632,lwatheyhj,46758,45648,17958,6/14/2021,9
633,waubryhk,15281,885,9830,2/14/2021,17
634,rborrowshl,71671,65066,6428,12/19/2021,12
635,mfeighneyhm,51587,41323,36288,1/9/2021,20
636,gkerwoodhn,99881,9756,49490,12/18/2021,18
637,iskainho,65672,58126,30074,5/18/2021,18
638,dbartlethp,74814,21960,70519,5/10/2021,10
639,hvsanellihq,31219,25847,29231,6/30/2021,6
640,dshipperbottomhr,52751,17121,16193,10/23/2021,7
641,khallardhs,47284,38910,4844,8/30/2021,9
642,tlyesht,54686,2594,23771,1/3/2022,18
643,jliverhu,47975,8376,15210,8/30/2021,19
644,upughsleyhv,19888,9021,3217,11/30/2021,10
645,ccuddonhw,34574,27973,20319,5/4/2021,11
646,slowsonhx,60033,10223,50945,11/10/2021,7
647,cbutfieldhy,87261,35774,75889,10/18/2021,8
648,floganhz,94594,38518,65713,6/9/2021,20
649,rkareti0,81479,59251,78013,1/23/2021,2
650,ccavilli1,38971,18087,29740,7/12/2021,9
651,bcabreri2,84993,37521,43404,3/6/2021,9
652,apincotti3,81453,51463,38501,11/17/2021,18
653,tellardi4,96117,91151,86471,5/7/2021,5
654,tharvardi5,38192,35162,26890,2/7/2021,20
655,jtarpeyi6,81586,36966,47999,6/17/2021,6
656,rwaitoni7,87118,61233,7729,2/16/2021,15
657,kebbersi8,32644,11701,2044,11/28/2021,2
658,gfitzroyi9,12750,7344,3729,10/28/2021,20
659,jrozia,82181,55129,79447,3/21/2021,1
660,gfavelaib,92161,58739,3384,10/16/2021,1
661,rmasicic,93035,84384,56382,11/19/2021,12
662,aocrottyid,59087,33749,43283,12/24/2021,13
663,kdebrickie,27488,16160,4666,9/18/2021,18
664,tvernazzaif,79172,12340,19566,12/10/2021,9
665,awreakesig,73710,24895,50880,6/14/2021,2
666,sashnessih,13110,282,12271,6/5/2021,7
667,wmacgilrewyii,71395,6310,15839,5/6/2021,14
668,jmuscroftij,57613,56461,46879,1/25/2021,13
669,bgiacominiik,5697,733,3495,6/24/2021,17
670,bgrishaninil,89308,7177,37573,1/4/2022,4
671,kemmanueliim,28224,5294,13897,5/26/2021,7
672,slappinin,91281,6863,88879,3/6/2021,5
673,kferreresio,86654,19642,8976,7/1/2021,12
674,mstoodaleip,96737,95887,82257,4/14/2021,11
675,kbranscombiq,75546,62772,7324,8/9/2021,2
676,edragonir,82718,31581,3127,3/18/2021,16
677,lhaythornthwaiteis,50421,34896,37988,11/1/2021,1
678,bgrisenthwaiteit,22959,16721,17148,9/23/2021,4
679,isirettiu,52283,22870,6241,11/16/2021,12
680,ethorlbyiv,19265,13636,14044,7/6/2021,13
681,jmagisteriw,45869,13836,31340,4/17/2021,4
682,kbamboroughix,14743,6034,563,5/4/2021,3
683,jfusseniy,73790,4765,12283,7/15/2021,20
684,ksedgmondiz,36722,30973,14599,6/30/2021,9
685,toakdenj0,18978,452,13476,10/14/2021,4
686,blongeaj1,96897,68986,84147,9/21/2021,10
687,mbelhommej2,80049,57592,16882,3/6/2021,17
688,lwoodwinj3,71895,40458,55485,6/28/2021,16
689,dclymaj4,76218,61594,50245,2/18/2021,11
690,mpopelayj5,27420,25268,16126,10/14/2021,13
691,vcuruclisj6,34304,25746,33323,2/19/2021,19
692,eseviourj7,39356,6666,38203,3/25/2021,2
693,bcanavanj8,19313,9015,15662,8/14/2021,14
694,mblackallerj9,71596,60732,39824,7/10/2021,5
695,laizicja,69829,55019,10924,7/6/2021,8
696,wsweetenhamjb,27977,26244,9090,4/13/2021,8
697,mmacenellyjc,4755,1511,1731,10/14/2021,9
698,sfossejd,27008,23715,15211,1/22/2021,17
699,ecronshawje,84820,37274,73386,6/27/2021,8
700,cmoncreiffjf,83188,39644,20357,6/11/2021,11
701,gmivaljg,2543,11,221,8/31/2021,1
702,rcozinsjh,29587,9224,15205,3/29/2021,4
703,styndallji,5832,631,2253,1/1/2022,13
704,mredmondjj,95034,18501,22354,7/21/2021,9
705,djanczakjk,58578,6984,15808,5/26/2021,11
706,hvearncombejl,1931,1870,1170,5/28/2021,6
707,ppettittjm,30542,2486,12479,5/3/2021,7
708,bwayjn,69459,56628,8661,7/25/2021,20
709,ckonmannjo,97574,77816,55136,7/21/2021,9
710,llayejp,82483,21372,81622,8/26/2021,8
711,lbordonejq,19226,18639,8775,3/17/2021,3
712,achastneyjr,64035,38266,17955,4/14/2021,20
713,gsmedmorejs,96273,27633,17313,6/1/2021,10
714,cesomejt,11729,8547,3656,9/17/2021,19
715,abispoju,41744,288,10278,8/7/2021,10
716,tbrooksbankjv,17721,7745,8734,7/21/2021,17
717,hdenisjw,13205,2520,12731,4/20/2021,17
718,fjessenjx,71013,14747,32387,1/20/2021,6
719,stearnyjy,34177,3002,6087,6/27/2021,13
720,etatfordjz,44333,32606,64,1/29/2021,18
721,ctoffalonik0,58690,3526,14009,2/15/2021,7
722,nashleyk1,40957,11776,39706,2/21/2021,6
723,myankeevk2,7031,5987,2521,5/6/2021,20
724,aandork3,63174,50144,52387,10/23/2021,1
725,wogormallyk4,8756,8013,1722,5/23/2021,4
726,bgougek5,57610,55283,54747,9/23/2021,20
727,cpellingark6,38471,14132,13508,12/12/2021,3
728,imarcomek7,95432,65643,24810,4/10/2021,4
729,sbricketk8,22383,20843,5289,6/22/2021,3
730,mswinfordk9,4507,3651,4225,3/7/2021,18
731,hlupsonka,31825,11978,601,4/21/2021,13
732,scairdkb,93771,48957,59245,5/19/2021,16
733,fsantoskc,63505,37743,53903,1/21/2021,9
734,dnapierkd,14535,7936,11314,8/14/2021,10
735,gfrangioneke,48198,24678,38141,2/13/2021,18
736,mdryburghkf,29911,13123,13829,12/20/2021,6
737,mcarokg,25746,20610,4568,11/6/2021,20
738,jpfaffelkh,82547,31611,57197,7/26/2021,20
739,bvanderkruiski,99123,10218,27795,2/5/2021,6
740,gpimmkj,41629,869,34968,9/24/2021,1
741,bcomminskk,42515,2044,9861,3/14/2021,1
742,wmuscottkl,45745,45639,3331,12/19/2021,12
743,npigromekm,15267,4540,9438,8/7/2021,4
744,lstrangwardkn,49868,1532,41781,9/27/2021,20
745,eelwillko,41287,38398,19580,10/25/2021,14
746,gduckinfieldkp,9134,8337,8600,7/22/2021,8
747,kwinwrightkq,87630,85022,30142,7/22/2021,14
748,smanningkr,52918,17404,24544,1/2/2022,19
749,efairhurstks,23528,10598,21437,8/20/2021,5
750,rkeithkt,10807,6304,3389,5/18/2021,3
751,nlaurentku,43688,32287,8840,2/14/2021,2
752,ctythacottkv,69943,32458,61054,11/17/2021,18
753,jsmethurstkw,69547,33441,14742,8/31/2021,17
754,gholtomkx,78353,61558,25989,8/19/2021,10
755,cstandevenky,39959,20248,31427,5/7/2021,15
756,jitzchakykz,6199,5484,1108,12/30/2021,3
757,mdaddal0,11271,3406,5075,5/1/2021,10
758,kjamrowiczl1,36733,36677,7923,10/1/2021,12
759,afronksl2,27570,11863,23860,11/12/2021,20
760,ltrevaskissl3,83355,57433,2070,5/30/2021,1
761,fstillerl4,85410,15410,61749,11/21/2021,16
762,lbrunell5,16566,7044,14189,2/26/2021,5
763,shuskissonl6,56709,1808,26988,2/12/2021,18
764,wlemanul7,49175,35867,45636,3/16/2021,13
765,rvoasl8,79350,69871,78432,11/18/2021,14
766,tbirksl9,5968,497,1459,2/28/2021,6
767,ksalzburgerla,5904,3830,4930,3/26/2021,14
768,pwelbelovelb,41302,26943,7997,12/8/2021,14
769,glasselllc,81946,37326,61394,6/22/2021,17
770,egladdishld,64596,202,44256,5/10/2021,15
771,amaccrackenle,84630,12960,66808,6/25/2021,6
772,jminchindenlf,65453,50450,6876,6/8/2021,13
773,rlabonlg,61768,14459,6137,1/5/2022,20
774,imapslh,73435,50485,16831,8/16/2021,11
775,tpackmanli,37700,34419,22509,6/19/2021,18
776,jfilkovlj,8257,4348,6263,9/27/2021,12
777,dimesenlk,86617,55020,71122,6/24/2021,3
778,ryansonll,31390,16761,19362,11/11/2021,12
779,ebettenaylm,31088,29979,18162,7/19/2021,8
780,rpuntonln,78041,19368,18943,7/22/2021,6
781,ocushellylo,37969,1297,23201,4/19/2021,3
782,adaddalp,93878,2273,45161,5/15/2021,15
783,sewelllq,27899,4851,8389,12/16/2021,20
784,dpetrofflr,25930,20828,3644,9/26/2021,10
785,ogrenshielsls,9927,6112,3593,11/5/2021,15
786,zmcdugallt,99572,19075,971,3/14/2021,17
787,hsearchwelllu,34782,26847,4626,4/27/2021,17
788,cdureklv,48096,28005,28692,4/29/2021,13
789,pjamrowiczlw,41547,22806,11423,8/3/2021,17
790,sbicklx,84367,7763,37094,4/14/2021,10
791,kmessamly,57053,29263,28936,2/24/2021,9
792,aredmondlz,39263,27518,15338,8/12/2021,11
793,tmattiolim0,60142,34414,42936,2/14/2021,10
794,kenriquesm1,87631,57655,8499,3/28/2021,13
795,avanderweedenburgm2,19119,7163,8039,8/14/2021,2
796,pfrickerm3,63151,40047,19010,8/1/2021,9
797,nmuckm4,84563,37568,56715,11/24/2021,19
798,fboylanm5,42863,24841,10887,2/8/2021,19
799,fcloym6,4018,1777,1774,8/29/2021,16
800,mvolckerm7,81869,10687,66492,4/23/2021,20
801,tattym8,87649,73357,86195,12/21/2021,11
802,tbennettom9,60844,42988,54083,5/10/2021,17
803,qasherma,43815,23917,41271,11/6/2021,14
804,egorrissenmb,39436,38590,2826,10/13/2021,3
805,bbilliemc,14460,2110,5591,1/12/2021,20
806,hfarghermd,86434,65111,48736,9/13/2021,4
807,ghaytonme,50873,10555,32454,10/10/2021,7
808,tbonninmf,84862,52376,15084,11/2/2021,13
809,tbrydonemg,83322,59941,34747,2/8/2021,7
810,ccarvillemh,33133,33069,4630,4/16/2021,15
811,nsavarymi,43420,23427,23917,4/27/2021,12
812,uabramzonmj,88656,65829,10073,5/12/2021,5
813,rrogersmk,17883,17186,13805,4/16/2021,18
814,morchartml,47673,23542,16072,11/17/2021,20
815,jgommerymm,4354,446,2274,6/14/2021,5
816,hwhatfordmn,11493,8245,7285,7/25/2021,11
817,mmahaffeymo,10911,5294,7487,9/26/2021,12
818,cbowlasmp,31051,30055,18347,11/27/2021,18
819,dbartolettimq,24581,932,21398,11/16/2021,16
820,dtomensonmr,35255,24612,8593,6/4/2021,4
821,mperisms,52266,30061,2932,12/28/2021,13
822,cflowithmt,64407,64141,27800,4/1/2021,17
823,fharkenmu,58300,13884,37140,10/13/2021,20
824,jbanghemv,68075,67217,61843,3/23/2021,19
825,fbeckenmw,15628,2670,5001,5/19/2021,3
826,cfallonmx,36585,22313,32650,10/26/2021,1
827,lmeeronmy,83666,19888,4726,9/4/2021,3
828,nmannakeemz,46163,6187,24159,11/13/2021,15
829,bbottomsn0,52456,11889,39401,1/19/2021,3
830,ssantonn1,15475,14716,11281,5/10/2021,20
831,hpetriellon2,30437,6782,3440,3/14/2021,19
832,jtealln3,10259,8949,2748,4/10/2021,1
833,whaspinealln4,62166,5177,53919,3/17/2021,9
834,egathercolen5,29300,16691,3352,1/14/2021,5
835,dbutterfieldn6,50819,7717,33241,5/19/2021,19
836,emylesn7,66961,14727,2921,2/8/2021,1
837,rsomesn8,82190,55559,70332,12/28/2021,11
838,rchazotten9,73681,35131,4138,6/11/2021,16
839,obellshamna,34144,19203,28240,4/16/2021,12
840,kwearenb,30368,12602,29546,2/28/2021,4
841,tlenahannc,60988,7369,30044,6/3/2021,5
842,dbanghamnd,12098,8904,4815,1/30/2021,12
843,hrolancene,81727,75424,78438,11/20/2021,11
844,dsandisonnf,42155,10690,35788,3/4/2021,15
845,achellingworthng,19744,16552,18167,5/28/2021,14
846,jsantnh,74771,9969,72792,2/8/2021,15
847,jifeni,13552,10996,1969,10/18/2021,14
848,bmatthainj,77354,41398,60707,5/1/2021,2
849,lbilsonnk,8002,2125,844,4/12/2021,17
850,csymcoxnl,41201,18492,23739,5/7/2021,11
851,vcollardnm,25352,19142,10477,5/2/2021,11
852,rwannenn,57624,37247,18197,1/23/2021,7
853,sgodbyno,40521,4864,28775,2/25/2021,19
854,twhildernp,32159,23816,641,5/4/2021,12
855,fdivernq,62031,29363,31287,1/1/2022,1
856,gfludgatenr,70634,60571,35024,6/19/2021,3
857,jtarrierns,53669,22058,15517,9/5/2021,1
858,dplayhillnt,30285,20578,9717,7/1/2021,9
859,jselwynnu,42917,1940,8014,9/15/2021,7
860,lrhoadesnv,57634,18827,7362,3/11/2021,17
861,vjodlowskinw,32082,23610,22497,8/1/2021,13
862,edilletnx,32221,24736,31617,11/3/2021,5
863,ciannony,6520,3859,719,2/9/2021,3
864,ccuruclisnz,87581,34913,2736,9/1/2021,15
865,tdillingstoneo0,59399,16268,12575,1/18/2021,8
866,jspurriero1,83190,30532,46515,11/8/2021,3
867,olehrleo2,6383,307,2083,8/30/2021,1
868,kmaccoughano3,98506,73467,83272,5/21/2021,10
869,thatryo4,93399,71519,596,9/25/2021,19
870,dderkso5,70308,59752,3018,9/7/2021,17
871,shurburto6,35236,4249,7020,4/13/2021,7
872,aworshallo7,61886,22056,5907,6/20/2021,1
873,vlenormando8,41300,18508,495,1/29/2021,4
874,wsabertono9,247,239,236,5/10/2021,7
875,acharringtonoa,4489,2799,1854,9/8/2021,18
876,jwilloughwayob,58803,40157,19588,3/17/2021,5
877,csmaridgeoc,3422,1079,2013,5/19/2021,8
878,jmealingod,87593,74815,43775,3/8/2021,3
879,okensholeoe,41281,32871,15956,1/25/2021,7
880,amcvityof,16609,2823,13037,8/28/2021,6
881,mwoodingsog,54374,49014,48731,12/28/2021,13
882,ethayoh,70983,18817,15174,12/20/2021,20
883,ccarslawoi,90969,13876,49292,11/21/2021,18
884,mdyhouseoj,34376,25960,29615,1/4/2022,8
885,pfitchewok,74602,63838,22069,10/13/2021,8
886,djacquemeol,19926,19764,15466,3/31/2021,6
887,bdeambrosiom,27724,22236,25599,9/21/2021,17
888,sbaylison,21395,19086,6766,1/29/2021,15
889,htittletrossoo,52573,1598,6783,10/7/2021,16
890,asmeatonop,9886,1375,9335,7/3/2021,9
891,rmcileenoq,55420,53138,39887,3/17/2021,13
892,mibesonor,6294,4956,5905,8/23/2021,5
893,pbroydos,4257,1089,1595,10/26/2021,20
894,bmatuszykot,16186,1699,14039,6/28/2021,19
895,bsainsburybrownou,96226,48569,9157,4/21/2021,14
896,apaulerov,48781,3605,6930,7/31/2021,14
897,sblintow,36710,6491,4346,10/9/2021,6
898,abuggsox,53647,30188,32976,7/31/2021,12
899,rlowmassoy,90613,5277,2310,8/1/2021,20
900,arillettoz,41871,1598,35143,8/5/2021,10
901,emulvanyp0,11142,6729,8504,12/29/2021,12
902,rcarletp1,94157,9555,78541,8/28/2021,18
903,jpasekp2,1709,1358,1327,1/10/2021,19
904,ksenussip3,38487,32739,3641,4/16/2021,5
905,hcaddiep4,21510,1800,7674,4/23/2021,12
906,dnibleyp5,36604,33062,28692,1/31/2021,2
907,jdukesp6,56053,51193,50477,11/27/2021,12
908,eliddardp7,66457,63553,2704,10/29/2021,18
909,wrenboldp8,3007,2694,2196,2/12/2021,12
910,mhellwigp9,45667,34700,9103,8/27/2021,3
911,elapworthpa,84020,74664,18218,10/28/2021,5
912,sbillettpb,67081,59754,55025,10/22/2021,20
913,bfraynpc,11042,2514,6547,7/9/2021,4
914,aaerspd,66393,63443,11725,3/18/2021,17
915,ymountstephenpe,69212,56801,12759,1/31/2021,14
916,dbernardonpf,55923,37896,43703,12/15/2021,11
917,aellpg,73858,49851,46544,2/9/2021,5
918,gportressph,45119,3751,37315,10/5/2021,14
919,mchesshirepi,80695,20810,54797,2/26/2021,15
920,jmacgeaneypj,78519,22689,58338,1/18/2021,15
921,cfredepk,50974,50606,20648,2/24/2021,5
922,aczajkowskipl,73989,30323,13923,9/23/2021,15
923,hrawcliffepm,32093,6436,17560,2/25/2021,6
924,fpaskinpn,63429,27439,21131,10/31/2021,1
925,cwanklynpo,76730,3307,1813,6/14/2021,15
926,cfigurespp,45738,39791,5421,3/29/2021,16
927,clamblotpq,10309,3195,3388,11/1/2021,12
928,jsenterpr,31201,27497,4964,6/17/2021,16
929,kfradsonps,62242,46572,61284,2/19/2021,15
930,ivanleijspt,26035,17048,11525,2/4/2021,15
931,nelgarpu,7734,6959,1623,11/22/2021,9
932,kbolducpv,98079,77175,49936,8/18/2021,6
933,vroggerspw,20379,6207,8212,4/8/2021,8
934,dmccordpx,29648,23404,198,1/20/2021,3
935,zrodgerpy,70355,36877,44754,5/11/2021,3
936,krobbingspz,37235,6589,32794,9/15/2021,16
937,rbauerq0,93412,52483,56726,1/22/2021,17
938,pkestinq1,13443,6711,8746,3/11/2021,20
939,ctremellanq2,73222,70544,7547,7/17/2021,12
940,akedwardq3,85566,51061,85011,11/2/2021,14
941,bipslyq4,32889,24787,8665,3/8/2021,8
942,mheliotq5,89659,68722,62299,2/9/2021,4
943,mpocklingtonq6,44111,5555,22742,5/22/2021,11
944,joshieldsq7,19821,1494,10071,8/3/2021,2
945,wblaycockq8,15643,13949,5855,10/28/2021,20
946,hgobyq9,67508,51683,27457,5/4/2021,18
947,abirrellqa,35171,21853,5651,10/27/2021,19
948,yshurvilleqb,76794,71532,20698,2/22/2021,20
949,jketchqc,93623,26477,76949,5/3/2021,4
950,bpetherqd,25367,6132,21989,5/7/2021,1
951,hsalzenqe,51871,9302,22006,4/27/2021,8
952,bwhittakerqf,49919,46132,27872,6/20/2021,10
953,jricardsqg,56620,54338,24978,4/15/2021,13
954,cbradfordqh,69001,27531,41347,9/2/2021,6
955,loosthoutdevreeqi,81829,22030,53958,11/7/2021,19
956,aconlaundqj,33860,20740,16202,7/4/2021,14
957,rdanielisqk,87603,74227,82057,11/30/2021,1
958,ateagerql,93136,74535,88238,6/7/2021,11
959,hlilionqm,95324,19320,4121,10/24/2021,5
960,vgraalmanqn,92802,3357,31984,2/9/2021,15
961,tcleynaertqo,990,855,271,9/2/2021,19
962,hpysonqp,83706,11236,51032,7/20/2021,19
963,cwollastonqq,97158,15226,63905,10/22/2021,6
964,bmcmainsqr,63913,10995,338,10/4/2021,10
965,gthomkeqs,63586,45185,17758,4/1/2021,18
966,eammerqt,49470,5502,5482,10/20/2021,16
967,cfoundsqu,48863,24257,3999,12/22/2021,11
968,peppsqv,35890,18192,29257,12/8/2021,5
969,dbarbeqw,79343,44322,62091,9/14/2021,14
970,bcordovaqx,54367,46547,3665,12/23/2021,5
971,sclemanceauqy,98797,52291,47981,1/13/2021,9
972,wprandinqz,93244,62172,46202,3/23/2021,10
973,nniavesr0,73653,28205,57311,11/12/2021,18
974,ygreasleyr1,27920,15186,16248,3/16/2021,15
975,kruddomr2,76737,19973,41909,8/20/2021,20
976,bpolleyer3,41697,2170,35009,9/16/2021,20
977,kswayslandr4,81745,38387,23101,4/18/2021,1
978,chackinr5,90156,56004,40136,1/11/2021,18
979,cchesshirer6,53738,2262,535,1/3/2022,6
980,aguerrierr7,22792,5987,22496,5/8/2021,20
981,iluthwoodr8,96346,82135,83371,4/24/2021,13
982,groskillyr9,28539,7686,27233,12/11/2021,3
983,jbollesra,76740,9417,635,1/10/2021,9
984,cmenisrb,76799,6584,54066,8/15/2021,1
985,pbirdwhistlerc,51054,45824,4668,1/31/2021,6
986,lmichallatrd,7524,7506,4136,2/19/2021,8
987,wphilpre,17823,1465,7875,11/17/2021,16
988,wsheerf,99369,26702,60720,3/19/2021,1
989,kguittrg,44067,39921,23663,6/5/2021,4
990,ikuhwaldrh,29251,23904,2541,4/25/2021,13
991,ccopplestoneri,72407,13891,19660,12/13/2021,10
992,eviveashrj,54193,47695,45934,8/18/2021,12
993,ddunnionrk,51148,35913,38456,6/4/2021,17
994,ndemancherl,90402,12571,61034,2/1/2021,6
995,rhayenrm,31717,14767,4200,11/2/2021,5
996,kwedonrn,36548,5499,15654,12/11/2021,5
997,gclimarro,3888,3430,1410,8/20/2021,17
998,hmillmoerp,97896,9066,29795,5/24/2021,8
999,lyaakovrq,90201,56927,69456,8/7/2021,2
1000,lseacomberr,38332,6592,14189,7/20/2021,11
